first_name,age,gender,email,phone_number
Adora Ferri,42,F,aferri0@devhub.com,356-784-7276
Lorraine Aggs,36,M,laggs1@google.com.au,832-566-7224
Aleda Schulter,61,F,aschulter2@nyu.edu,621-607-5802
Monte Magowan,68,F,mmagowan3@altervista.org,833-132-0031
Cymbre Latchmore,52,M,clatchmore4@amazon.co.jp,844-525-2922
Lambert Nuccii,44,M,lnuccii5@google.fr,486-131-6793
Beverlie Michell,33,M,bmichell6@artisteer.com,497-577-2728
Johnathan Woodger,27,F,jwoodger7@globo.com,547-794-2772
Tobias Brinsden,19,F,tbrinsden8@army.mil,871-618-9161
Shawn Klossmann,27,F,sklossmann9@theatlantic.com,700-354-9567
Lurleen Gianettini,32,F,lgianettinia@xing.com,208-380-9279
Vail Ware,66,M,vwareb@blog.com,804-614-1975
Tasia Hinchcliffe,25,M,thinchcliffec@constantcontact.com,879-203-2097
Adelle Orton,30,M,aortond@quantcast.com,682-490-3248
Rowe Peaurt,59,M,rpeaurte@sciencedirect.com,440-605-2067
Robbin Hoolahan,23,M,rohoolahanf@gizmodo.com,828-148-2569
Holt Snoden,43,F,hsnodeng@independent.co.uk,356-433-3437
Ivan Glanton,69,F,iglantonh@nationalgeographic.com,363-442-6166
Gabbie Dewen,64,M,gdeweni@ovh.net,370-494-9534
Bord Meeke,69,M,bmeekej@bravesites.com,342-139-0549
Lew Gosneye,56,F,lgosneyek@google.ru,270-695-4194
Ola Dowse,24,F,odowsel@mayoclinic.com,597-803-5787
Laverna Lamond,54,M,llamondm@imageshack.us,500-534-8671
Terrijo Bellocht,60,M,tbellochtn@rambler.ru,644-807-4372
Fiona Kubala,71,M,fkubalao@paginegialle.it,367-677-2845
Kaiser Everett,45,M,keverettp@gov.uk,685-280-4449
Ali Fewster,57,M,afewsterq@hhs.gov,882-712-9957
Esma Halewood,54,M,ehalewoodr@51.la,461-988-2649
Estrella Toppes,55,F,etoppess@icio.us,899-123-9242
Ezekiel Tomkowicz,71,M,etomkowiczt@printfriendly.com,265-140-8479
Erda Basindale,22,M,ebasindaleu@earthlink.net,124-782-8389
Karisa Chantree,52,M,kchantreev@hatena.ne.jp,496-258-1102
Edwina Kingsmill,72,F,ekingsmillw@amazonaws.com,159-441-2395
Jilly Sudddard,64,F,jsudddardx@istockphoto.com,384-736-6068
Saundra Jeeves,18,F,sjeevesy@prlog.org,677-334-2377
Theodora Harvatt,58,M,tharvattz@blog.com,248-386-5239
Tony Gottschalk,65,F,tgottschalk10@cnn.com,685-956-1556
Doris Pyzer,43,F,dpyzer11@paginegialle.it,320-240-9336
Abe Linn,33,M,alinn12@sogou.com,329-502-9667
Niki Savery,33,F,nsavery13@cmu.edu,587-974-8549
Rahal Stavers,48,M,rstavers14@phpbb.com,556-310-1668
Michaeline Buckthorp,59,F,mbuckthorp15@soundcloud.com,925-295-6425
Aubrette Cortin,66,F,acortin16@globo.com,628-884-7881
Valene Truett,22,M,vtruett17@123-reg.co.uk,209-324-0856
Deedee Gidney,26,F,dgidney18@pagesperso-orange.fr,232-991-0253
Willis Jaggar,71,F,wjaggar19@privacy.gov.au,495-424-3398
Redd Maryon,69,M,rmaryon1a@reference.com,823-787-7402
Emyle Grigoryev,40,F,egrigoryev1b@redcross.org,175-486-7328
Cchaddie Yoell,24,F,cyoell1c@tinypic.com,100-739-9840
Yolanthe Dundredge,71,F,ydundredge1d@typepad.com,892-321-6888
Adrien McKniely,54,M,amckniely1e@umn.edu,417-719-5487
Berke Oddboy,34,M,boddboy1f@fastcompany.com,569-474-9953
Gaynor Stemp,59,M,gstemp1g@baidu.com,130-957-8000
Pegeen Demanche,47,F,pdemanche1h@moonfruit.com,898-967-6720
Paulie Veldens,41,F,pveldens1i@imageshack.us,884-727-2947
Jarrad Bossom,51,M,jbossom1j@mtv.com,389-935-2186
Rafaelia Winckles,58,M,rwinckles1k@chron.com,748-252-2293
Innis Hurst,23,M,ihurst1l@msu.edu,405-747-4211
Gwendolyn Brogan,22,F,gobrogan1m@ow.ly,598-978-7667
Debee Downer,65,F,ddowner1n@cafepress.com,751-411-8863
Leila Chastenet,70,F,lchastenet1o@wsj.com,443-575-9304
Bradly Middis,58,M,bmiddis1p@facebook.com,955-326-3250
Gabriellia Baswall,45,M,gbaswall1q@businesswire.com,126-286-7163
Wallis Synder,28,M,wsynder1r@google.ca,439-418-7414
Georas Schimon,65,M,gschimon1s@g.co,893-418-9723
Artemas Boffey,52,M,aboffey1t@howstuffworks.com,554-877-6003
Dulcine Ronald,64,M,dronald1u@sitemeter.com,293-885-1200
Ranice Bergeau,60,F,rbergeau1v@google.it,867-688-0561
Brand Jacqueme,39,F,bjacqueme1w@weibo.com,748-420-8763
Richmond Morrell,22,F,rmorrell1x@imdb.com,426-375-0880
L;urette Meron,37,F,lmeron1y@discuz.net,634-848-9884
Dewain Sturges,64,M,dsturges1z@merriam-webster.com,525-501-1372
Norton Allcoat,69,M,nallcoat20@mlb.com,497-399-5772
Elliot Buckerfield,28,F,ebuckerfield21@ask.com,628-204-0423
Fleurette Lackeye,37,M,flackeye22@behance.net,235-128-6582
Batsheva Anning,61,F,banning23@infoseek.co.jp,106-452-6289
Marlena Tejero,50,M,mtejero24@clickbank.net,321-925-9587
Aubrey Henri,36,F,ahenri25@howstuffworks.com,811-180-7498
Amie Prestney,54,M,aprestney26@example.com,710-407-5137
Kaia Nicol,24,F,knicol27@google.com,785-221-3973
Casper Casali,50,F,ccasali28@virginia.edu,632-394-8205
Rube Agiolfinger,24,M,ragiolfinger29@nymag.com,429-897-7422
Alane Yacob,75,F,ayacob2a@hhs.gov,228-396-4777
Orbadiah Treadway,29,F,otreadway2b@purevolume.com,993-330-1590
Thoma Bog,38,M,tbog2c@hostgator.com,613-398-1643
Marla Laugier,21,F,mlaugier2d@nasa.gov,394-731-7606
Tiena Kienlein,40,F,tkienlein2e@scribd.com,279-622-7135
Jerad Atcheson,43,F,jatcheson2f@fema.gov,475-855-7605
Gweneth Penticost,41,M,gpenticost2g@microsoft.com,831-893-7756
Henrietta Pickervance,45,M,hpickervance2h@lulu.com,778-352-7276
Kimberly Millbank,70,M,kmillbank2i@archive.org,680-136-4424
Mike Rainville,49,M,mrainville2j@example.com,640-510-5058
Olimpia Huett,31,M,ohuett2k@nba.com,306-962-8871
Culver Chasmer,65,M,cchasmer2l@ucoz.ru,946-228-1932
Carolin Cato,30,M,ccato2m@salon.com,206-710-5205
Floris Scholer,40,M,fscholer2n@free.fr,771-430-9513
Granville McGarvey,71,F,gmcgarvey2o@boston.com,570-300-8095
Chico Larham,32,F,clarham2p@mail.ru,743-349-4532
Belia Obey,72,F,bobey2q@last.fm,782-211-7746
Shamus Ollerton,27,F,sollerton2r@marketwatch.com,527-429-0610
